Country Name;Country Code;Indicator Name;Indicator Code;2005;2006;2007;2008;2009;2010;2011;2012;2013;2014;2015;2016;2017;2018;2019
Aruba;ABW;Taux d'imposition et cotisations du travail (% des bénéfices commerciaux);IC.TAX.LABR.CP.ZS;;;;;;;;;;;;;;;
Afghanistan;AFG;Taux d'imposition et cotisations du travail (% des bénéfices commerciaux);IC.TAX.LABR.CP.ZS;0;0;0;0;0;0;0;0;0;0;0;0;0;0;0
Angola;AGO;Taux d'imposition et cotisations du travail (% des bénéfices commerciaux);IC.TAX.LABR.CP.ZS;9;9;9;9;9;9;9;9;9;9;9;9;9;9;9
Albanie;ALB;Taux d'imposition et cotisations du travail (% des bénéfices commerciaux);IC.TAX.LABR.CP.ZS;34,6;34,6;24,5;28,6;31,9;27,3;25;25,3;18,8;18,8;18,8;18,8;18,8;18,8;18,8
Andorre;AND;Taux d'imposition et cotisations du travail (% des bénéfices commerciaux);IC.TAX.LABR.CP.ZS;;;;;;;;;;;;;;;
Émirats arabes unis;ARE;Taux d'imposition et cotisations du travail (% des bénéfices commerciaux);IC.TAX.LABR.CP.ZS;14,1;14,1;14,1;14,1;14,1;14,1;14,1;14,1;14,1;14,1;14,1;14,1;14,1;14,1;14,1
Argentine;ARG;Taux d'imposition et cotisations du travail (% des bénéfices commerciaux);IC.TAX.LABR.CP.ZS;29,4;29,4;29,4;29,4;29,4;29,4;29,4;29,4;29,3;29,3;29,3;29,3;29,3;29,3;29,9
Arménie;ARM;Taux d'imposition et cotisations du travail (% des bénéfices commerciaux);IC.TAX.LABR.CP.ZS;19,9;19,9;23;23;23;23;23;23;19,4;0;0;0;0;0;0
Samoa américaines;ASM;Taux d'imposition et cotisations du travail (% des bénéfices commerciaux);IC.TAX.LABR.CP.ZS;;;;;;;;;;;;;;;
Antigua-et-Barbuda;ATG;Taux d'imposition et cotisations du travail (% des bénéfices commerciaux);IC.TAX.LABR.CP.ZS;9,5;9,5;9,5;9,5;9,5;9,5;9,5;9,5;9,4;10,3;10,7;10,7;10,7;11,8;12,1
Australie;AUS;Taux d'imposition et cotisations du travail (% des bénéfices commerciaux);IC.TAX.LABR.CP.ZS;23,7;23,7;22,2;21,9;21,1;20,9;20,5;20,4;20,8;20,9;21,1;21,1;21,1;21,1;21
Autriche;AUT;Taux d'imposition et cotisations du travail (% des bénéfices commerciaux);IC.TAX.LABR.CP.ZS;35,3;34,5;34,5;34,5;34,6;34,6;34,8;34,7;34,1;34,3;34,3;34,2;34,2;33,8;33,7
Azerbaïdjan;AZE;Taux d'imposition et cotisations du travail (% des bénéfices commerciaux);IC.TAX.LABR.CP.ZS;30,5;24,8;24,8;24,8;24,8;24,8;24,8;24,8;24,8;24,8;24,8;24,8;24,8;24,8;25,4
Burundi;BDI;Taux d'imposition et cotisations du travail (% des bénéfices commerciaux);IC.TAX.LABR.CP.ZS;7,8;7,8;7,8;7,8;7,8;7,8;10,2;10,2;10,2;10,2;10,2;10,2;10,2;10,2;10,2
Belgique;BEL;Taux d'imposition et cotisations du travail (% des bénéfices commerciaux);IC.TAX.LABR.CP.ZS;49,5;49,4;49,3;49,2;49;49,2;49,2;49,6;49,1;49,5;49,4;48,9;46,2;46,2;44,5
Bénin;BEN;Taux d'imposition et cotisations du travail (% des bénéfices commerciaux);IC.TAX.LABR.CP.ZS;30,9;30,9;30,9;30,9;30,9;26,4;26,4;26,4;26,4;26,4;26,4;26,4;26,4;26,4;26,4
Burkina Faso;BFA;Taux d'imposition et cotisations du travail (% des bénéfices commerciaux);IC.TAX.LABR.CP.ZS;22,6;22,6;22,6;22,6;22,6;22,6;21,4;21,4;21,4;21,4;21,4;21,4;21,4;21,4;21,4
Bangladesh;BGD;Taux d'imposition et cotisations du travail (% des bénéfices commerciaux);IC.TAX.LABR.CP.ZS;;;;;;;;;0;0;0;0;0;0;0
Bulgarie;BGR;Taux d'imposition et cotisations du travail (% des bénéfices commerciaux);IC.TAX.LABR.CP.ZS;35,8;33,4;26,6;26,8;22,9;20,4;19,2;20,2;20,2;20,2;20,2;20,2;20,2;20,8;21,5
Bahreïn;BHR;Taux d'imposition et cotisations du travail (% des bénéfices commerciaux);IC.TAX.LABR.CP.ZS;;;14,7;14,7;14,7;13,5;13,5;13,5;13,5;13,5;13,5;13,5;13,5;13,5;13,5
Bahamas;BHS;Taux d'imposition et cotisations du travail (% des bénéfices commerciaux);IC.TAX.LABR.CP.ZS;;;4,5;4,5;4,5;4,5;6,1;6,1;6,3;6,3;6,3;6,3;6,3;6,3;6,4
Bosnie-Herzégovine;BIH;Taux d'imposition et cotisations du travail (% des bénéfices commerciaux);IC.TAX.LABR.CP.ZS;17,2;17,2;17,2;17,2;17,6;12,6;12,6;12,6;13,5;13,5;13,5;13,5;13,5;13,6;13,6
Bélarus;BLR;Taux d'imposition et cotisations du travail (% des bénéfices commerciaux);IC.TAX.LABR.CP.ZS;44,1;44,1;44,1;39,6;39,6;39,3;39;39;39;39;39;39;39;39;39
Belize;BLZ;Taux d'imposition et cotisations du travail (% des bénéfices commerciaux);IC.TAX.LABR.CP.ZS;7;7;7;7;7;7;7;7;5;5;5;5;5;5;5
Bermudes;BMU;Taux d'imposition et cotisations du travail (% des bénéfices commerciaux);IC.TAX.LABR.CP.ZS;;;;;;;;;;;;;;;
Bolivie;BOL;Taux d'imposition et cotisations du travail (% des bénéfices commerciaux);IC.TAX.LABR.CP.ZS;15,5;15,5;15,5;15,5;15,5;15,5;15,5;18,8;18,8;18,8;18,8;18,8;18,8;18,8;18,8
Brésil;BRA;Taux d'imposition et cotisations du travail (% des bénéfices commerciaux);IC.TAX.LABR.CP.ZS;;;;;;;;;39,9;39,8;39,8;39,8;39,4;39,4;39,4
Barbade;BRB;Taux d'imposition et cotisations du travail (% des bénéfices commerciaux);IC.TAX.LABR.CP.ZS;;;;;;;12,7;12,3;12,2;12,2;12,2;12,2;12,2;12,3;12,7
Brunéi Darussalam;BRN;Taux d'imposition et cotisations du travail (% des bénéfices commerciaux);IC.TAX.LABR.CP.ZS;;5,6;5,6;5,6;5,6;5,6;8,5;8,5;7,9;7,9;7,9;7,9;7,9;7,9;7,9
Bhoutan;BTN;Taux d'imposition et cotisations du travail (% des bénéfices commerciaux);IC.TAX.LABR.CP.ZS;0;0;0;0;0;0;0;0;0;0;0;0;0;0;0
Botswana;BWA;Taux d'imposition et cotisations du travail (% des bénéfices commerciaux);IC.TAX.LABR.CP.ZS;0;0;0;0;0;0;0;0;0;0;0;0;0;0;0
République centrafricaine;CAF;Taux d'imposition et cotisations du travail (% des bénéfices commerciaux);IC.TAX.LABR.CP.ZS;11,5;8,1;8,1;8,1;8,1;8,1;19,8;19,8;19,8;19,8;19,8;19,8;19,8;19,8;19,8
Canada;CAN;Taux d'imposition et cotisations du travail (% des bénéfices commerciaux);IC.TAX.LABR.CP.ZS;12,4;12,4;12,3;12,6;12,5;12,6;12,6;12,7;11,9;12,5;12,7;12,8;12,9;12,6;12,7
Europe centrale et les pays baltes;CEB;Taux d'imposition et cotisations du travail (% des bénéfices commerciaux);IC.TAX.LABR.CP.ZS;33,01818182;32,78181818;31,72727273;31,60909091;30,81818182;30,05454545;29,69090909;29,8;29,65454545;29,59090909;29,56363636;29,22727273;29,23636364;28,82727273;26,60909091
Suisse;CHE;Taux d'imposition et cotisations du travail (% des bénéfices commerciaux);IC.TAX.LABR.CP.ZS;16,7;16,7;17,2;16,7;16,6;17,5;17,6;17,8;17,7;17,7;17,7;17,7;17,7;17,7;17,7
Îles Anglo-Normandes;CHI;Taux d'imposition et cotisations du travail (% des bénéfices commerciaux);IC.TAX.LABR.CP.ZS;;;;;;;;;;;;;;;
Chili;CHL;Taux d'imposition et cotisations du travail (% des bénéfices commerciaux);IC.TAX.LABR.CP.ZS;3,8;3,8;3,8;3,8;3,8;3,8;3,8;3,8;3,8;5,3;5,3;5,1;5,1;5,1;5,1
Chine;CHN;Taux d'imposition et cotisations du travail (% des bénéfices commerciaux);IC.TAX.LABR.CP.ZS;;;;;;;;;49,8;49,5;48,5;48,9;48,1;45,4;46,2
Côte d'Ivoire;CIV;Taux d'imposition et cotisations du travail (% des bénéfices commerciaux);IC.TAX.LABR.CP.ZS;20,1;20,1;20,1;20,1;20,1;20,1;20,1;20,1;22,1;23,3;23,3;23,3;23,3;23,3;23,3
Cameroun;CMR;Taux d'imposition et cotisations du travail (% des bénéfices commerciaux);IC.TAX.LABR.CP.ZS;18,3;18,3;18,3;18,3;18,3;18,3;18,3;18,3;18,3;18,3;18,3;18,3;18,3;18,3;18,3
Congo, République démocratique du;COD;Taux d'imposition et cotisations du travail (% des bénéfices commerciaux);IC.TAX.LABR.CP.ZS;7,9;7,9;7,9;7,9;7,9;7,9;7,9;7,9;7,9;12,8;12,6;12,6;12,6;12,6;12,6
Congo, République du;COG;Taux d'imposition et cotisations du travail (% des bénéfices commerciaux);IC.TAX.LABR.CP.ZS;32,5;32,5;32,5;32,5;32,5;32,5;32,5;32,5;31,3;31,3;31,3;31,3;31,3;31,3;31,3
Colombie;COL;Taux d'imposition et cotisations du travail (% des bénéfices commerciaux);IC.TAX.LABR.CP.ZS;31,8;32,3;32,7;33,4;33,9;33,9;28,8;28,8;28,8;30,1;18,6;18,6;18,6;18,6;23,6
Comores;COM;Taux d'imposition et cotisations du travail (% des bénéfices commerciaux);IC.TAX.LABR.CP.ZS;0;0;0;0;0;0;0;0;0;0;0;0;0;0;0
Cabo Verde;CPV;Taux d'imposition et cotisations du travail (% des bénéfices commerciaux);IC.TAX.LABR.CP.ZS;18,5;18,5;18,5;18,5;18,5;18,5;18,5;18,5;17,6;17,6;17,6;17,6;17,6;18,1;18,7
Costa Rica;CRI;Taux d'imposition et cotisations du travail (% des bénéfices commerciaux);IC.TAX.LABR.CP.ZS;32,3;32,3;32,3;32,3;32,3;32,5;32,5;32,5;32,5;32,5;32,5;32,7;32,7;32,7;32,7
Petits états des Caraïbes;CSS;Taux d'imposition et cotisations du travail (% des bénéfices commerciaux);IC.TAX.LABR.CP.ZS;7,354545455;7,354545455;7,116666667;7,116666667;7,216666667;7,216666667;7,761538462;7,723076923;7,515384615;7,684615385;7,830769231;7,830769231;7,9;7,992307692;8,053846154
Cuba;CUB;Taux d'imposition et cotisations du travail (% des bénéfices commerciaux);IC.TAX.LABR.CP.ZS;;;;;;;;;;;;;;;
Curacao;CUW;Taux d'imposition et cotisations du travail (% des bénéfices commerciaux);IC.TAX.LABR.CP.ZS;;;;;;;;;;;;;;;
Îles Caïmans;CYM;Taux d'imposition et cotisations du travail (% des bénéfices commerciaux);IC.TAX.LABR.CP.ZS;;;;;;;;;;;;;;;
Chypre;CYP;Taux d'imposition et cotisations du travail (% des bénéfices commerciaux);IC.TAX.LABR.CP.ZS;;;;11,5;11,5;11,7;11,8;11,8;12;11,9;13,4;13,4;13,4;13;13
République tchèque;CZE;Taux d'imposition et cotisations du travail (% des bénéfices commerciaux);IC.TAX.LABR.CP.ZS;39,5;39,5;39,5;39,5;39,5;38,4;38,4;38,4;38,4;38,4;38,4;38,4;38,4;38,4;38,4
Allemagne;DEU;Taux d'imposition et cotisations du travail (% des bénéfices commerciaux);IC.TAX.LABR.CP.ZS;22,3;21,7;21,7;22,1;22;22;21,8;21,9;21,6;21,2;21,2;21,3;21,4;21,5;21,5
Djibouti;DJI;Taux d'imposition et cotisations du travail (% des bénéfices commerciaux);IC.TAX.LABR.CP.ZS;17,7;17,7;17,7;17,7;17,7;17,7;17,7;17,7;17,7;17,7;17,7;17,7;17,7;17,7;17,7
Dominique;DMA;Taux d'imposition et cotisations du travail (% des bénéfices commerciaux);IC.TAX.LABR.CP.ZS;7,9;7,9;7,9;7,9;7,9;7,9;7,9;7,9;7,9;7,9;7,9;7,9;7,9;7,9;7,9
Danemark;DNK;Taux d'imposition et cotisations du travail (% des bénéfices commerciaux);IC.TAX.LABR.CP.ZS;1,4;1,8;2,5;2,5;3,6;3,6;3,6;3,6;3;3;3;3,2;3,9;4;4
République dominicaine;DOM;Taux d'imposition et cotisations du travail (% des bénéfices commerciaux);IC.TAX.LABR.CP.ZS;8,5;8,9;9,5;13,4;17,8;18,3;18,6;18,6;18,6;18,6;18,6;18,6;18,6;18,6;18,6
Algérie;DZA;Taux d'imposition et cotisations du travail (% des bénéfices commerciaux);IC.TAX.LABR.CP.ZS;31,3;31,3;30,2;30,2;30,3;30,3;30,3;30,2;30,2;31,1;31,1;31,1;31,1;31,1;31,1
Asie de l’Est et Pacifique (hors revenu élevé);EAP;Taux d'imposition et cotisations du travail (% des bénéfices commerciaux);IC.TAX.LABR.CP.ZS;8,483333333;8,483333333;8,483333333;8,5;8,05;8,111111111;8,305555556;8,063157895;10,29047619;10,35714286;10,35714286;10,62380952;10,7047619;10,62380952;11,07142857
de dividende précoce démographique;EAR;Taux d'imposition et cotisations du travail (% des bénéfices commerciaux);IC.TAX.LABR.CP.ZS;11,79056604;11,76037736;11,66851852;11,68148148;11,77592593;11,78888889;11,85555556;11,66428571;11,99016393;12,07540984;12,15737705;12,23114754;12,36393443;12,48852459;12,5852459
Asie de l’Est et Pacifique;EAS;Taux d'imposition et cotisations du travail (% des bénéfices commerciaux);IC.TAX.LABR.CP.ZS;9,166666667;9,16;9,212;9,312;8,96;9,004;9,36;9,226923077;11,01034483;11,01724138;11,03103448;11,25862069;11,37931034;11,33793103;11,66551724
Europe et Asie centrale (hors revenu élevé);ECA;Taux d'imposition et cotisations du travail (% des bénéfices commerciaux);IC.TAX.LABR.CP.ZS;28,275;26,28823529;24,72941176;24,67647059;21,59444444;20,92222222;20,12222222;20,17777778;20,46315789;19,47368421;19,55263158;19,44736842;18,51052632;18,41578947;18,57894737
Europe et Asie centrale;ECS;Taux d'imposition et cotisations du travail (% des bénéfices commerciaux);IC.TAX.LABR.CP.ZS;28,7;27,55777778;26,85111111;26,4326087;25,11914894;24,65957447;24,43829787;24,59583333;24,54489796;24,15102041;24,23265306;24,06530612;23,22653061;23,116;22,874
Équateur;ECU;Taux d'imposition et cotisations du travail (% des bénéfices commerciaux);IC.TAX.LABR.CP.ZS;13,7;13,7;13,7;13,7;13,7;13,7;13,7;13,7;13,7;13,7;13,7;13,7;13,7;13,7;13,7
Égypte, République arabe d’;EGY;Taux d'imposition et cotisations du travail (% des bénéfices commerciaux);IC.TAX.LABR.CP.ZS;25,4;25,4;25,4;25,6;25,6;25,8;27,1;25,8;23,4;23,9;24,1;24,4;27,3;28,8;25,5
Zone euro;EMU;Taux d'imposition et cotisations du travail (% des bénéfices commerciaux);IC.TAX.LABR.CP.ZS;31,85882353;30,71666667;30,58888889;29,48947368;29,41052632;29,07368421;28,275;28,345;28,235;28,21;28,39;28,3;27,09;27,52;27,83
Érythrée;ERI;Taux d'imposition et cotisations du travail (% des bénéfices commerciaux);IC.TAX.LABR.CP.ZS;0;0;0;0;0;0;0;0;0;0;0;0;0;0;0
Espagne;ESP;Taux d'imposition et cotisations du travail (% des bénéfices commerciaux);IC.TAX.LABR.CP.ZS;36,3;36,4;36,5;36,2;34,2;33,7;35,5;35,5;35,2;35,4;35,6;35,6;35,6;35,7;35,8
Estonie;EST;Taux d'imposition et cotisations du travail (% des bénéfices commerciaux);IC.TAX.LABR.CP.ZS;38,6;38,5;38,3;38,3;38,3;39,2;39,4;39,4;39,4;39;39;38,8;38,8;38,8;38
Éthiopie;ETH;Taux d'imposition et cotisations du travail (% des bénéfices commerciaux);IC.TAX.LABR.CP.ZS;0;0;0;0;0;0;0;3,9;8,5;9,6;11,3;12,4;12,4;12,4;12,4
Union européenne;EUU;Taux d'imposition et cotisations du travail (% des bénéfices commerciaux);IC.TAX.LABR.CP.ZS;31,6625;30,764;30,268;29,46923077;29,17307692;28,58846154;27,85925926;27,95185185;27,84814815;27,84074074;27,92222222;27,71111111;26,84444444;27;26,33333333
Fragile et les situations de conflit touchées;FCS;Taux d'imposition et cotisations du travail (% des bénéfices commerciaux);IC.TAX.LABR.CP.ZS;13,68333333;13,56;13,55;13,54666667;13,32903226;13,50967742;13,97096774;13,74117647;13,72857143;13,96285714;14,09428571;14,16857143;13,64571429;13,83142857;14,35714286
Finlande;FIN;Taux d'imposition et cotisations du travail (% des bénéfices commerciaux);IC.TAX.LABR.CP.ZS;29,4;29,6;29,7;29,7;29,6;23,9;24,2;24,4;24,5;24,2;24,8;25,1;25,4;23,9;23
Fidji;FJI;Taux d'imposition et cotisations du travail (% des bénéfices commerciaux);IC.TAX.LABR.CP.ZS;10,2;10,2;10,2;10,2;10,2;10,2;10,2;10,2;10,4;10,4;10,4;12,7;12,7;12,6;12,4
France;FRA;Taux d'imposition et cotisations du travail (% des bénéfices commerciaux);IC.TAX.LABR.CP.ZS;51,8;51,8;52,1;51,3;51,7;51,7;51,7;51,7;51,7;54;53,5;53,5;51,1;49,7;50
Îles Féroé;FRO;Taux d'imposition et cotisations du travail (% des bénéfices commerciaux);IC.TAX.LABR.CP.ZS;;;;;;;;;;;;;;;
Micronésie, États fédérés de;FSM;Taux d'imposition et cotisations du travail (% des bénéfices commerciaux);IC.TAX.LABR.CP.ZS;6,8;6,8;6,8;6,8;6,8;6,8;7;7,9;7,9;8,5;8,5;8,5;8,5;8,5;8,5
Gabon;GAB;Taux d'imposition et cotisations du travail (% des bénéfices commerciaux);IC.TAX.LABR.CP.ZS;24,9;24,9;24,9;24,9;24,9;24,9;24,9;24,9;24,9;24,9;24,9;24,9;24,9;25,5;25,5
Royaume-Uni;GBR;Taux d'imposition et cotisations du travail (% des bénéfices commerciaux);IC.TAX.LABR.CP.ZS;11,4;11,3;11,3;11,2;11;10,8;11;10,9;11,4;11,3;11,2;10,9;10,9;10,8;12
Géorgie;GEO;Taux d'imposition et cotisations du travail (% des bénéfices commerciaux);IC.TAX.LABR.CP.ZS;35;22,6;22,6;22,6;0;0;0;0;0;0;0;0;0;0;0
Ghana;GHA;Taux d'imposition et cotisations du travail (% des bénéfices commerciaux);IC.TAX.LABR.CP.ZS;14,1;14,1;14,1;14,1;14,1;14,1;14,7;14,7;14,7;14,7;14,7;14,7;14,7;14,7;14,7
Gibraltar;GIB;Taux d'imposition et cotisations du travail (% des bénéfices commerciaux);IC.TAX.LABR.CP.ZS;;;;;;;;;;;;;;;
Guinée;GIN;Taux d'imposition et cotisations du travail (% des bénéfices commerciaux);IC.TAX.LABR.CP.ZS;17,3;17,3;17,3;17,3;17,3;24,4;28,8;28,7;28,6;28,6;28,6;28,6;28,6;28,6;28,6
Gambie;GMB;Taux d'imposition et cotisations du travail (% des bénéfices commerciaux);IC.TAX.LABR.CP.ZS;12,8;12,8;12,8;12,8;12,4;12,9;12,8;12,8;12,7;12,7;12,7;12,7;12,7;12,7;12,6
Guinée-Bissau;GNB;Taux d'imposition et cotisations du travail (% des bénéfices commerciaux);IC.TAX.LABR.CP.ZS;24,8;24,8;24,8;24,8;24,8;24,8;24,8;24,8;24,8;24,8;24,8;24,8;24,8;24,8;24,8
Guinée équatoriale;GNQ;Taux d'imposition et cotisations du travail (% des bénéfices commerciaux);IC.TAX.LABR.CP.ZS;25,4;25,4;25,4;25,4;25,4;25,4;25,4;25,4;25,4;25,4;25,4;25,4;25,4;25,4;25,4
Grèce;GRC;Taux d'imposition et cotisations du travail (% des bénéfices commerciaux);IC.TAX.LABR.CP.ZS;31,7;31,7;31,7;31,7;31,7;31,7;31,7;32,2;32;31;29,3;27,7;28;28,3;28,3
Grenade;GRD;Taux d'imposition et cotisations du travail (% des bénéfices commerciaux);IC.TAX.LABR.CP.ZS;5,6;5,6;5,6;5,6;5,6;5,6;5,6;5,6;5,6;5,6;5,6;5,6;5,6;5,6;5,6
Groenland;GRL;Taux d'imposition et cotisations du travail (% des bénéfices commerciaux);IC.TAX.LABR.CP.ZS;;;;;;;;;;;;;;;
Guatemala;GTM;Taux d'imposition et cotisations du travail (% des bénéfices commerciaux);IC.TAX.LABR.CP.ZS;14,3;14,3;14,3;14,3;14,3;14,3;14,3;14,3;14,3;14,3;14,3;14,3;14,3;14,3;14,3
Guam;GUM;Taux d'imposition et cotisations du travail (% des bénéfices commerciaux);IC.TAX.LABR.CP.ZS;;;;;;;;;;;;;;;
Guyana;GUY;Taux d'imposition et cotisations du travail (% des bénéfices commerciaux);IC.TAX.LABR.CP.ZS;8,8;8,8;8,8;8,8;8,8;8,8;8,8;8,8;8,8;9,2;9,2;9,2;9,2;9,2;9,2
Revenu élevé;HIC;Taux d'imposition et cotisations du travail (% des bénéfices commerciaux);IC.TAX.LABR.CP.ZS;21,30833333;20,886;20,21698113;20,03888889;20,0462963;19,88333333;19,58928571;19,63859649;19,3220339;19,37627119;19,47457627;19,41186441;19,06949153;19,09833333;18,86166667
Chine, RAS de Hong Kong;HKG;Taux d'imposition et cotisations du travail (% des bénéfices commerciaux);IC.TAX.LABR.CP.ZS;5,3;5,3;5,3;5,3;5,3;5,3;5,3;5,3;4,9;5,1;5,2;5,3;5,3;5,3;5,3
Honduras;HND;Taux d'imposition et cotisations du travail (% des bénéfices commerciaux);IC.TAX.LABR.CP.ZS;10,7;10,7;10,7;10,7;10,7;10,7;10,7;5,1;7,8;7,8;7,8;7,8;8,1;8,4;8,8
Pays pauvres très endettés (PPTE);HPC;Taux d'imposition et cotisations du travail (% des bénéfices commerciaux);IC.TAX.LABR.CP.ZS;14,4027027;14,07631579;14,07631579;14,07631579;14,06578947;14,26578947;14,77631579;14,94473684;15,14210526;15,53157895;15,55526316;15,63157895;15,66842105;15,68684211;15,94473684
Croatie;HRV;Taux d'imposition et cotisations du travail (% des bénéfices commerciaux);IC.TAX.LABR.CP.ZS;19,4;19,4;19,4;19,4;19,4;19,4;19,4;19,4;17,9;17,1;18,8;19,4;19,4;19,4;19,4
Haïti;HTI;Taux d'imposition et cotisations du travail (% des bénéfices commerciaux);IC.TAX.LABR.CP.ZS;12,4;12,4;12,4;12,4;12,4;12,4;12,4;12,4;12,4;12,4;12,4;12,4;12,4;12,4;12,4
Hongrie;HUN;Taux d'imposition et cotisations du travail (% des bénéfices commerciaux);IC.TAX.LABR.CP.ZS;40,2;40,1;39,4;39,4;39,4;37,1;34,7;34,9;34,3;34,3;34,3;34,3;34,3;29;26,4
BIRD seulement;IBD;Taux d'imposition et cotisations du travail (% des bénéfices commerciaux);IC.TAX.LABR.CP.ZS;18,48813559;18,16166667;17,88666667;17,95833333;17,35;17,17;16,82666667;16,6;17,50895522;17,33432836;17,24029851;17,25522388;17,0761194;17,22537313;17,04925373
BIRD et IDA;IBT;Taux d'imposition et cotisations du travail (% des bénéfices commerciaux);IC.TAX.LABR.CP.ZS;15,2392;14,98031496;14,77007874;14,79527559;14,4484375;14,4328125;14,409375;14,31984733;14,77857143;14,80785714;14,79357143;14,84142857;14,77928571;14,87571429;14,95785714
IDA totale;IDA;Taux d'imposition et cotisations du travail (% des bénéfices commerciaux);IC.TAX.LABR.CP.ZS;12,33484848;12,13134328;11,97910448;11,96268657;11,88823529;12,01764706;12,27647059;12,33285714;12,27260274;12,4890411;12,54794521;12,6260274;12,67123288;12,71917808;13,03835616
IDA mélange;IDB;Taux d'imposition et cotisations du travail (% des bénéfices commerciaux);IC.TAX.LABR.CP.ZS;12,46923077;12,3;11,77692308;11,69230769;11,87692308;11,96153846;11,96153846;11,96153846;11,46666667;11,49333333;11,70666667;11,77333333;11,82;11,36666667;11,71333333
Indonésie;IDN;Taux d'imposition et cotisations du travail (% des bénéfices commerciaux);IC.TAX.LABR.CP.ZS;;;;;;;;;10,8;11,3;9,2;10,3;11,5;11,6;11,6
IDA seulement;IDX;Taux d'imposition et cotisations du travail (% des bénéfices commerciaux);IC.TAX.LABR.CP.ZS;12,30188679;12,09074074;12,02777778;12,02777778;11,89090909;12,03090909;12,35090909;12,41754386;12,48103448;12,74655172;12,76551724;12,84655172;12,89137931;13,06896552;13,38103448
Île de Man;IMN;Taux d'imposition et cotisations du travail (% des bénéfices commerciaux);IC.TAX.LABR.CP.ZS;;;;;;;;;;;;;;;
Inde;IND;Taux d'imposition et cotisations du travail (% des bénéfices commerciaux);IC.TAX.LABR.CP.ZS;;;;;;;;;20,8;20,8;20,8;20,5;20,5;20,3;20,2
Non classifié;INX;Taux d'imposition et cotisations du travail (% des bénéfices commerciaux);IC.TAX.LABR.CP.ZS;;;;;;;;;;;;;;;
Irlande;IRL;Taux d'imposition et cotisations du travail (% des bénéfices commerciaux);IC.TAX.LABR.CP.ZS;12,2;12,2;12,2;12,2;12,2;11,8;11,8;11,8;12,2;12,2;12,2;12,2;12,2;12,2;12,4
Iran, République islamique d’;IRN;Taux d'imposition et cotisations du travail (% des bénéfices commerciaux);IC.TAX.LABR.CP.ZS;25,9;25,9;25,9;25,9;25,9;25,9;25,9;25,9;25,9;25,9;25,9;25,9;25,9;25,9;25,9
Iraq;IRQ;Taux d'imposition et cotisations du travail (% des bénéfices commerciaux);IC.TAX.LABR.CP.ZS;13,5;13,5;13,5;13,5;13,5;13,5;13,5;13,5;13,5;13,5;13,5;13,5;13,5;13,5;13,5
Islande;ISL;Taux d'imposition et cotisations du travail (% des bénéfices commerciaux);IC.TAX.LABR.CP.ZS;13,6;13,6;13,4;13,2;12,8;15,3;19,6;19,6;18,6;18,5;18,3;18,3;18,1;18,9;20,6
Israël;ISR;Taux d'imposition et cotisations du travail (% des bénéfices commerciaux);IC.TAX.LABR.CP.ZS;6,7;6,7;5,9;5,3;5,3;5,3;5,3;4,8;5,2;5,5;5,6;5,8;5,9;5,8;5,8
Italie;ITA;Taux d'imposition et cotisations du travail (% des bénéfices commerciaux);IC.TAX.LABR.CP.ZS;45,1;43,2;43,2;43,2;43,4;43,4;43,4;43,4;43,4;43,4;43,4;43,4;23,2;34,8;42,9
Jamaïque;JAM;Taux d'imposition et cotisations du travail (% des bénéfices commerciaux);IC.TAX.LABR.CP.ZS;13;13;13;13;13;13;13;12,9;12,9;13,3;13,4;13,4;13,4;13,4;13,4
Jordanie;JOR;Taux d'imposition et cotisations du travail (% des bénéfices commerciaux);IC.TAX.LABR.CP.ZS;12,4;12,4;12,4;12,4;12,4;12,4;12,4;12,9;13,8;13,8;14,4;14,9;15,5;16,1;16,1
Japon;JPN;Taux d'imposition et cotisations du travail (% des bénéfices commerciaux);IC.TAX.LABR.CP.ZS;;;;;;;;;18;18,1;18,2;18,4;18,5;18,6;18,6
Kazakhstan;KAZ;Taux d'imposition et cotisations du travail (% des bénéfices commerciaux);IC.TAX.LABR.CP.ZS;17,8;17,8;17,8;17,9;9,6;11,5;11,2;11,2;11,2;11,2;11,2;11,2;11,2;11,3;10,1
Kenya;KEN;Taux d'imposition et cotisations du travail (% des bénéfices commerciaux);IC.TAX.LABR.CP.ZS;6,8;6,8;6,8;6,8;6,8;6,8;6,8;6,8;1,9;1,9;1,9;1,9;1,9;1,9;1,9
République kirghize;KGZ;Taux d'imposition et cotisations du travail (% des bénéfices commerciaux);IC.TAX.LABR.CP.ZS;28,2;27,1;23,7;23,7;21,4;21,5;19,5;19,5;19,5;19,5;19,5;19,5;19,5;19,5;19,5
Cambodge;KHM;Taux d'imposition et cotisations du travail (% des bénéfices commerciaux);IC.TAX.LABR.CP.ZS;0;0;0;0;1,3;1,3;1,3;1,3;0,5;0,5;0,5;0,5;0,5;0,5;2,3
Kiribati;KIR;Taux d'imposition et cotisations du travail (% des bénéfices commerciaux);IC.TAX.LABR.CP.ZS;8,5;8,5;8,5;8,5;8,5;8,5;8,5;8,5;8,5;8,5;8,5;8,5;8,5;8,5;8,5
Saint-Kitts-et-Nevis;KNA;Taux d'imposition et cotisations du travail (% des bénéfices commerciaux);IC.TAX.LABR.CP.ZS;11,3;11,3;11,3;11,3;11,3;11,3;11,3;11,3;11,3;11,2;11,2;11,2;11,2;11,2;11,2
Corée, République de;KOR;Taux d'imposition et cotisations du travail (% des bénéfices commerciaux);IC.TAX.LABR.CP.ZS;12,2;12,2;11,4;13,4;13,2;12,9;13,2;13,4;13,6;13,6;13,6;13,6;13,5;13,5;13,7
Koweït;KWT;Taux d'imposition et cotisations du travail (% des bénéfices commerciaux);IC.TAX.LABR.CP.ZS;10,7;10,7;10,7;10,7;10,7;10,7;10,7;12,4;12,4;12,8;13;13;13;13;13
Amérique latine et Caraïbes (hors revenu élevé);LAC;Taux d'imposition et cotisations du travail (% des bénéfices commerciaux);IC.TAX.LABR.CP.ZS;13,92;13,965;14,015;14,245;14,51;14,545;14,36;14,24;15,95909091;16,03636364;15,59545455;15,66363636;15,68636364;15,79545455;16,12272727
République démocratique populaire lao;LAO;Taux d'imposition et cotisations du travail (% des bénéfices commerciaux);IC.TAX.LABR.CP.ZS;5,6;5,6;5,6;5,6;5,6;5,6;5,6;5,6;5,6;5,6;5,6;6,8;6,8;6,8;6,8
Liban;LBN;Taux d'imposition et cotisations du travail (% des bénéfices commerciaux);IC.TAX.LABR.CP.ZS;24,1;24,1;24,1;24,1;24,1;24,1;24,1;24,1;23,4;23,8;23,8;23,8;23,8;24,5;24,9
Libéria;LBR;Taux d'imposition et cotisations du travail (% des bénéfices commerciaux);IC.TAX.LABR.CP.ZS;;5,4;5,4;5,4;5,4;5,4;5,4;5,4;5,4;5,4;5,4;5,4;5,4;5,4;6,1
Libye;LBY;Taux d'imposition et cotisations du travail (% des bénéfices commerciaux);IC.TAX.LABR.CP.ZS;;;;;;;;10,3;10,3;10,3;10,3;10,3;10,3;10,3;10,3
Sainte-Lucie;LCA;Taux d'imposition et cotisations du travail (% des bénéfices commerciaux);IC.TAX.LABR.CP.ZS;5,6;5,6;5,6;5,6;5,6;5,6;5,6;5,6;5,6;5,6;5,6;5,6;5,6;5,6;5,6
Amérique latine et Caraïbes;LCN;Taux d'imposition et cotisations du travail (% des bénéfices commerciaux);IC.TAX.LABR.CP.ZS;13,03448276;13,07241379;12,85666667;13,11;13,47666667;13,56;13,46451613;13,31290323;14,46666667;14,62424242;14,35151515;14,38787879;14,43030303;14,53939394;14,78787879
Pays les moins avancés: classement de l’ONU;LDC;Taux d'imposition et cotisations du travail (% des bénéfices commerciaux);IC.TAX.LABR.CP.ZS;11,93846154;11,69;11,69;11,69;11,7125;11,9025;12,345;12,42142857;12,20697674;12,51395349;12,51395349;12,58372093;12,59767442;12,79302326;13,35813953
Faible revenu;LIC;Taux d'imposition et cotisations du travail (% des bénéfices commerciaux);IC.TAX.LABR.CP.ZS;13,44545455;12,94782609;12,94782609;12,94782609;12,93043478;13,14782609;13,72608696;14,32083333;14,675;15,0125;15,02916667;15,075;15,0875;15,09166667;15,48333333
Liechtenstein;LIE;Taux d'imposition et cotisations du travail (% des bénéfices commerciaux);IC.TAX.LABR.CP.ZS;;;;;;;;;;;;;;15,2;15,2
Sri Lanka;LKA;Taux d'imposition et cotisations du travail (% des bénéfices commerciaux);IC.TAX.LABR.CP.ZS;16,9;16,9;16,9;16,9;16,9;16,9;16,9;16,9;16,9;16,9;16,9;16,9;16,9;16,9;16,9
Revenu intermédiaire, tranche inférieure;LMC;Taux d'imposition et cotisations du travail (% des bénéfices commerciaux);IC.TAX.LABR.CP.ZS;15,34693878;15,27346939;15,06734694;15,05306122;14,88571429;15;15,21428571;14,826;14,33148148;14,5037037;14,61111111;14,67777778;14,47592593;14,66666667;14,96666667
Revenu faible et intermédiaire;LMY;Taux d'imposition et cotisations du travail (% des bénéfices commerciaux);IC.TAX.LABR.CP.ZS;14,9877193;14,70689655;14,49137931;14,52068966;14,12564103;14,12307692;14,1974359;14,20333333;14,72248062;14,73100775;14,70310078;14,78372093;14,70852713;14,80310078;15,06124031
Lesotho;LSO;Taux d'imposition et cotisations du travail (% des bénéfices commerciaux);IC.TAX.LABR.CP.ZS;0;0;0;0;0;0;0;0;0;0;0;0;0;0;0
de dividende tardif démographique;LTE;Taux d'imposition et cotisations du travail (% des bénéfices commerciaux);IC.TAX.LABR.CP.ZS;19,225;18,45714286;17,70909091;17,70222222;16,88666667;16,91555556;16,61111111;16,43555556;17,6625;17,3625;17,225;17,24166667;17,2625;17,23333333;16,92083333
Lituanie;LTU;Taux d'imposition et cotisations du travail (% des bénéfices commerciaux);IC.TAX.LABR.CP.ZS;35,2;35,2;35,2;35,2;35,1;35,1;35,1;35,1;35,2;35,2;35,2;35,2;35,2;35,2;35,2
Luxembourg;LUX;Taux d'imposition et cotisations du travail (% des bénéfices commerciaux);IC.TAX.LABR.CP.ZS;;15,3;15,3;15,3;15,3;15,3;15,1;15,4;15,8;15,6;15,5;15,7;15,5;15,6;15,4
Lettonie;LVA;Taux d'imposition et cotisations du travail (% des bénéfices commerciaux);IC.TAX.LABR.CP.ZS;27,2;27,2;27,2;27,2;27,2;27,2;27,2;27,3;27,2;27,2;26,6;26,6;26,6;26,6;27,2
Région administrative spéciale de Macao, Chine;MAC;Taux d'imposition et cotisations du travail (% des bénéfices commerciaux);IC.TAX.LABR.CP.ZS;;;;;;;;;;;;;;;
Saint-Martin (fr);MAF;Taux d'imposition et cotisations du travail (% des bénéfices commerciaux);IC.TAX.LABR.CP.ZS;;;;;;;;;;;;;;;
Maroc;MAR;Taux d'imposition et cotisations du travail (% des bénéfices commerciaux);IC.TAX.LABR.CP.ZS;19,7;19,7;21,5;21,5;22,2;22,7;22,7;22,7;22,2;22,2;22,3;22,6;23,3;23,3;23,3
Monaco;MCO;Taux d'imposition et cotisations du travail (% des bénéfices commerciaux);IC.TAX.LABR.CP.ZS;;;;;;;;;;;;;;;
Moldova;MDA;Taux d'imposition et cotisations du travail (% des bénéfices commerciaux);IC.TAX.LABR.CP.ZS;33,9;33,1;31,9;31,4;30,8;30,2;30,6;30,6;30,2;30,2;30,8;31,1;31,3;31,3;29,9
Madagascar;MDG;Taux d'imposition et cotisations du travail (% des bénéfices commerciaux);IC.TAX.LABR.CP.ZS;20,3;20,3;20,3;20,3;20,3;20,3;20,3;20,3;20,3;20,3;20,3;20,3;20,3;20,3;20,3
Maldives;MDV;Taux d'imposition et cotisations du travail (% des bénéfices commerciaux);IC.TAX.LABR.CP.ZS;0;0;0;0;0;0;0;5,3;7,9;7,9;7,9;7,9;7,9;7,9;7,9
Afrique du Nord et Moyen-Orient;MEA;Taux d'imposition et cotisations du travail (% des bénéfices commerciaux);IC.TAX.LABR.CP.ZS;16,42941176;16,47647059;16,14736842;16,12631579;16,20526316;16,17894737;15,97;15,71428571;15,6;15,72380952;15,82857143;15,96190476;16,17619048;16,3047619;16,16666667
Mexique;MEX;Taux d'imposition et cotisations du travail (% des bénéfices commerciaux);IC.TAX.LABR.CP.ZS;;;;;;;;;25,8;25,9;25,4;25,5;25,6;26,9;27,2
Îles Marshall;MHL;Taux d'imposition et cotisations du travail (% des bénéfices commerciaux);IC.TAX.LABR.CP.ZS;11,8;11,8;11,8;11,8;11,8;11,8;11,8;11,8;11,8;11,8;11,8;11,8;11,8;12,8;13
Revenu intermédiaire;MIC;Taux d'imposition et cotisations du travail (% des bénéfices commerciaux);IC.TAX.LABR.CP.ZS;15,35652174;15,14193548;14,87311828;14,90967742;14,41808511;14,36170213;14,31276596;14,17395833;14,73333333;14,66666667;14,62857143;14,71714286;14,62190476;14,73714286;14,9647619
Macédoine du Nord;MKD;Taux d'imposition et cotisations du travail (% des bénéfices commerciaux);IC.TAX.LABR.CP.ZS;0,5;0,5;0,5;0,8;0,8;0,6;0;0;0;0;0;0;0;0;0
Mali;MLI;Taux d'imposition et cotisations du travail (% des bénéfices commerciaux);IC.TAX.LABR.CP.ZS;32,6;32,6;32,6;32,6;32,6;32,6;34,3;34,3;34,3;34,3;34,3;34,3;34,3;34,3;43,1
Malte;MLT;Taux d'imposition et cotisations du travail (% des bénéfices commerciaux);IC.TAX.LABR.CP.ZS;;;;;;;10,7;10,7;10,6;10,7;10,7;10,9;11,1;11,1;11,1
Myanmar;MMR;Taux d'imposition et cotisations du travail (% des bénéfices commerciaux);IC.TAX.LABR.CP.ZS;;;;;;;;0;0;0;0,2;0,3;0,3;0,3;0,3
Afrique du Nord et Moyen-Orient (hors revenu élevé);MNA;Taux d'imposition et cotisations du travail (% des bénéfices commerciaux);IC.TAX.LABR.CP.ZS;18,76666667;18,76666667;18,825;18,84166667;18,96666667;19,025;19,13333333;18,38461538;18,17692308;18,31538462;18,38461538;18,46923077;18,79230769;19,00769231;18,78461538
Monténégro;MNE;Taux d'imposition et cotisations du travail (% des bénéfices commerciaux);IC.TAX.LABR.CP.ZS;;19,4;19,4;20;18,8;17,9;12,8;12,8;12,8;12,8;12,8;13,3;13,4;13,4;13,4
Mongolie;MNG;Taux d'imposition et cotisations du travail (% des bénéfices commerciaux);IC.TAX.LABR.CP.ZS;22,6;22,6;22,6;22,6;12,4;12,4;12,4;12,4;12,4;12,4;12,4;12,4;12,4;12,4;13,5
Mariannes;MNP;Taux d'imposition et cotisations du travail (% des bénéfices commerciaux);IC.TAX.LABR.CP.ZS;;;;;;;;;;;;;;;
Mozambique;MOZ;Taux d'imposition et cotisations du travail (% des bénéfices commerciaux);IC.TAX.LABR.CP.ZS;4,5;4,5;4,5;4,5;4,5;4,5;4,5;4,5;4,5;4,5;4,5;4,5;4,5;4,5;4,5
Mauritanie;MRT;Taux d'imposition et cotisations du travail (% des bénéfices commerciaux);IC.TAX.LABR.CP.ZS;8,7;8,7;8,7;8,7;8,7;8,7;8,7;8,7;4,7;10,3;10,3;10,3;10,3;10,3;10,3
Maurice;MUS;Taux d'imposition et cotisations du travail (% des bénéfices commerciaux);IC.TAX.LABR.CP.ZS;6,6;6,6;6,6;7,8;8,1;8,6;10,2;10,2;6,8;6,8;7,4;7,7;7,9;8,1;8,2
Malawi;MWI;Taux d'imposition et cotisations du travail (% des bénéfices commerciaux);IC.TAX.LABR.CP.ZS;1,1;1,1;1,1;1,1;1,1;1,1;1,1;6,1;9,6;12,4;12,4;12,4;12,4;12,4;12,4
Malaisie;MYS;Taux d'imposition et cotisations du travail (% des bénéfices commerciaux);IC.TAX.LABR.CP.ZS;15,6;15,6;15,6;15,6;15,6;15,6;15,6;15,6;16,4;16,4;16,4;16,4;16,4;16,4;16,7
Amérique du Nord;NAC;Taux d'imposition et cotisations du travail (% des bénéfices commerciaux);IC.TAX.LABR.CP.ZS;12,4;12,4;12,3;12,6;12,5;12,6;12,6;12,7;10,8;11,1;11,25;11,3;11,35;11,2;11,25
Namibie;NAM;Taux d'imposition et cotisations du travail (% des bénéfices commerciaux);IC.TAX.LABR.CP.ZS;1;1;1;1;1;1;1;1;1;1;1,9;1,9;1,9;1,9;1,9
Nouvelle-Calédonie;NCL;Taux d'imposition et cotisations du travail (% des bénéfices commerciaux);IC.TAX.LABR.CP.ZS;;;;;;;;;;;;;;;
Niger;NER;Taux d'imposition et cotisations du travail (% des bénéfices commerciaux);IC.TAX.LABR.CP.ZS;19,6;19,6;19,6;19,6;19,6;19,6;20,2;20,2;20,1;21,1;22,3;22,3;22,3;22,3;22,3
Nigéria;NGA;Taux d'imposition et cotisations du travail (% des bénéfices commerciaux);IC.TAX.LABR.CP.ZS;;;;;;;;;10,7;10,7;12,1;13,5;13,5;13,5;13,5
Nicaragua;NIC;Taux d'imposition et cotisations du travail (% des bénéfices commerciaux);IC.TAX.LABR.CP.ZS;19,2;19,2;19,2;19,2;19,2;19,2;20,3;20,3;20,3;20,3;21,4;22,6;23,1;23,7;23,7
Pays-Bas;NLD;Taux d'imposition et cotisations du travail (% des bénéfices commerciaux);IC.TAX.LABR.CP.ZS;18;17,2;15,8;15,9;17,3;17,9;18,1;18,1;18,4;17,6;20,2;19,4;19,8;19,9;20,5
Norvège;NOR;Taux d'imposition et cotisations du travail (% des bénéfices commerciaux);IC.TAX.LABR.CP.ZS;15,9;15,9;15,9;15,9;15,9;15,9;15,9;15,9;15,9;15,9;15,9;15,9;15,9;15,9;15,9
Népal;NPL;Taux d'imposition et cotisations du travail (% des bénéfices commerciaux);IC.TAX.LABR.CP.ZS;11,3;11,3;11,3;11,3;11,3;11,3;11,3;11,3;11,3;11,3;11,3;11,3;11,3;19,9;26,2
Nauru;NRU;Taux d'imposition et cotisations du travail (% des bénéfices commerciaux);IC.TAX.LABR.CP.ZS;;;;;;;;;;;;;;;
Nouvelle-Zélande;NZL;Taux d'imposition et cotisations du travail (% des bénéfices commerciaux);IC.TAX.LABR.CP.ZS;2,4;2,4;2,4;2,4;2,6;3;2,9;3,7;3,1;3;2,7;2,5;2,8;2,8;2,8
Pays membres de l'OCDE;OED;Taux d'imposition et cotisations du travail (% des bénéfices commerciaux);IC.TAX.LABR.CP.ZS;25,73823529;25,34571429;25,18285714;25,16285714;24,98;24,76285714;24,62;24,68571429;24,08157895;24,20526316;23,92368421;23,86578947;23,25526316;23,40526316;23,72368421
Oman;OMN;Taux d'imposition et cotisations du travail (% des bénéfices commerciaux);IC.TAX.LABR.CP.ZS;10,2;11;11,8;11,8;11,8;11,8;11,8;11,8;11,8;11,8;12,4;13;13;13;13
Autres petits états;OSS;Taux d'imposition et cotisations du travail (% des bénéfices commerciaux);IC.TAX.LABR.CP.ZS;11,58421053;11,66666667;11,76521739;11,70416667;11,63333333;11,7375;11,472;11,92692308;11,81153846;11,8;11,96538462;12,01538462;12,05384615;12,14615385;12,48846154
Pakistan;PAK;Taux d'imposition et cotisations du travail (% des bénéfices commerciaux);IC.TAX.LABR.CP.ZS;;;;;;;;;12,6;12,8;13,2;13,8;14,5;14,8;15
Panama;PAN;Taux d'imposition et cotisations du travail (% des bénéfices commerciaux);IC.TAX.LABR.CP.ZS;20,7;20,9;21,7;21,7;21,7;21,7;21,7;19,8;19,8;20;20;20;20;20;20
Pérou;PER;Taux d'imposition et cotisations du travail (% des bénéfices commerciaux);IC.TAX.LABR.CP.ZS;11,8;11,8;11,8;11,8;11;11;11;11;11;11;11;11;11;11;11
Philippines;PHL;Taux d'imposition et cotisations du travail (% des bénéfices commerciaux);IC.TAX.LABR.CP.ZS;9,5;9,5;9,5;9,8;9,8;9,8;10,8;10,8;8;8;8,7;8,7;8,7;8,7;8,9
Palaos;PLW;Taux d'imposition et cotisations du travail (% des bénéfices commerciaux);IC.TAX.LABR.CP.ZS;6,5;6,5;6,5;6,5;6,5;6,5;6,5;9,3;9,2;9,5;9,5;9,5;9,6;9,9;10,7
Papouasie-Nouvelle-Guinée;PNG;Taux d'imposition et cotisations du travail (% des bénéfices commerciaux);IC.TAX.LABR.CP.ZS;10,9;10,9;10,9;10,9;11,7;11,7;11,7;11,7;11,7;11,7;11,7;11,7;11,7;11,7;9,5
Pologne;POL;Taux d'imposition et cotisations du travail (% des bénéfices commerciaux);IC.TAX.LABR.CP.ZS;27;27;27,3;27,1;23,5;23,7;23,6;23,8;24,4;24,7;24,8;24,9;25;25,2;25,3
de Pré-dividende démographique;PRE;Taux d'imposition et cotisations du travail (% des bénéfices commerciaux);IC.TAX.LABR.CP.ZS;14,98181818;14,6;14,6;14,6;14,58823529;14,81176471;15,33235294;15,58285714;15,31666667;15,68611111;15,67222222;15,72777778;15,73611111;15,72777778;16,17777778
Porto Rico;PRI;Taux d'imposition et cotisations du travail (% des bénéfices commerciaux);IC.TAX.LABR.CP.ZS;12,6;12,6;12,6;12,6;12,6;14,4;14,4;14,4;13,5;13,5;13,5;13,4;13,4;13,4;13,4
Corée, République démocratique de;PRK;Taux d'imposition et cotisations du travail (% des bénéfices commerciaux);IC.TAX.LABR.CP.ZS;;;;;;;;;;;;;;;
Portugal;PRT;Taux d'imposition et cotisations du travail (% des bénéfices commerciaux);IC.TAX.LABR.CP.ZS;26,8;26,8;26,8;26,8;26,8;26,8;26,8;26,7;26,7;26,8;26,8;26,8;26,8;26,8;26,8
Paraguay;PRY;Taux d'imposition et cotisations du travail (% des bénéfices commerciaux);IC.TAX.LABR.CP.ZS;18,6;18,6;18,6;18,6;18,6;18,6;18,6;18,6;18,6;18,6;18,6;18,6;18,6;18,6;18,6
Cisjordanie et Gaza;PSE;Taux d'imposition et cotisations du travail (% des bénéfices commerciaux);IC.TAX.LABR.CP.ZS;0;0;0;0;0;0;0;0;0;0;0;0;0;0;0
Petits états insulaires du Pacifique;PSS;Taux d'imposition et cotisations du travail (% des bénéfices commerciaux);IC.TAX.LABR.CP.ZS;7,066666667;7,066666667;7,066666667;7,066666667;7,066666667;7,066666667;7,088888889;7,5;8,133333333;8,233333333;8,233333333;8,544444444;8,688888889;8,822222222;8,911111111
de Post-dividende démographique;PST;Taux d'imposition et cotisations du travail (% des bénéfices commerciaux);IC.TAX.LABR.CP.ZS;26,03870968;25,503125;25,109375;24,990625;24,8375;24,253125;23,49411765;23,61470588;22,96388889;22,96388889;23,05833333;23,04166667;21,93611111;22,21944444;22,51388889
Polynésie française;PYF;Taux d'imposition et cotisations du travail (% des bénéfices commerciaux);IC.TAX.LABR.CP.ZS;;;;;;;;;;;;;;;
Qatar;QAT;Taux d'imposition et cotisations du travail (% des bénéfices commerciaux);IC.TAX.LABR.CP.ZS;;;11,3;11,3;11,3;11,3;11,3;11,3;11,3;11,3;11,3;11,3;11,3;11,3;11,3
Roumanie;ROU;Taux d'imposition et cotisations du travail (% des bénéfices commerciaux);IC.TAX.LABR.CP.ZS;37,5;37,5;34,4;34,2;34,2;32,3;31,8;31,5;31,5;31,5;30;25,8;25,8;25,8;3,4
Fédération de Russie;RUS;Taux d'imposition et cotisations du travail (% des bénéfices commerciaux);IC.TAX.LABR.CP.ZS;;;;;;;;;35,2;35,4;35,6;36,1;36,3;36,4;36,6
Rwanda;RWA;Taux d'imposition et cotisations du travail (% des bénéfices commerciaux);IC.TAX.LABR.CP.ZS;5,7;5,7;5,7;5,7;5,7;5,7;5,7;5,6;5,6;5,6;5,6;5,6;5,9;6;6
Asie du Sud;SAS;Taux d'imposition et cotisations du travail (% des bénéfices commerciaux);IC.TAX.LABR.CP.ZS;5,64;5,64;5,64;5,64;5,64;5,64;5,64;6,7;8,6875;8,7125;8,7625;8,8;8,8875;9,975;10,775
Arabie saoudite;SAU;Taux d'imposition et cotisations du travail (% des bénéfices commerciaux);IC.TAX.LABR.CP.ZS;12,4;12,4;12,4;12,4;12,4;12,4;12,4;12,4;12,4;12,4;12,8;13,5;13,5;13,5;13,5
Soudan;SDN;Taux d'imposition et cotisations du travail (% des bénéfices commerciaux);IC.TAX.LABR.CP.ZS;19,2;19,2;19,2;19,2;19,2;19,2;19,2;19,2;19,2;19,2;19,2;19,2;19,2;19,2;19,2
Sénégal;SEN;Taux d'imposition et cotisations du travail (% des bénéfices commerciaux);IC.TAX.LABR.CP.ZS;24;24;24;24;24;24;24;24;23,6;23,6;23,6;23,6;23,6;23,6;23,6
Singapour;SGP;Taux d'imposition et cotisations du travail (% des bénéfices commerciaux);IC.TAX.LABR.CP.ZS;14,4;14,4;13,7;14,5;14,6;14,7;15,7;16,8;16,8;15,3;15,3;16,2;17,8;17,8;17,8
Îles Salomon;SLB;Taux d'imposition et cotisations du travail (% des bénéfices commerciaux);IC.TAX.LABR.CP.ZS;8,5;8,5;8,5;8,5;8,5;8,5;8,5;8,5;8,5;8,5;8,5;8,5;8,5;8,5;8,5
Sierra Leone;SLE;Taux d'imposition et cotisations du travail (% des bénéfices commerciaux);IC.TAX.LABR.CP.ZS;11,3;11,3;11,3;11,3;11,3;11,3;11,3;11,3;11,3;11,3;11,3;11,3;11,3;11,3;11,3
El Salvador;SLV;Taux d'imposition et cotisations du travail (% des bénéfices commerciaux);IC.TAX.LABR.CP.ZS;17,2;17,2;17,2;17,2;17,2;17,2;17,2;17,2;17,2;17,2;17,2;17,2;17,2;17,4;18,3
Saint-Marin;SMR;Taux d'imposition et cotisations du travail (% des bénéfices commerciaux);IC.TAX.LABR.CP.ZS;;;;;;;;29,4;29,2;29,2;29,8;29,8;30,3;30,3;30,9
Somalie;SOM;Taux d'imposition et cotisations du travail (% des bénéfices commerciaux);IC.TAX.LABR.CP.ZS;;;;;;;;;;;;;;;
Serbie;SRB;Taux d'imposition et cotisations du travail (% des bénéfices commerciaux);IC.TAX.LABR.CP.ZS;20,2;20,2;20,2;20,2;20,2;20,2;20,2;20,2;20,2;20,2;20,2;20,2;20,2;20,2;20,2
Afrique subsaharienne (hors revenu élevé);SSA;Taux d'imposition et cotisations du travail (% des bénéfices commerciaux);IC.TAX.LABR.CP.ZS;13,29534884;13,03863636;13,03409091;13,01590909;13,025;13,23636364;13,73636364;14,01555556;13,85652174;14,17826087;14,25;14,33478261;14,35652174;14,39565217;14,61521739
Soudan du Sud;SSD;Taux d'imposition et cotisations du travail (% des bénéfices commerciaux);IC.TAX.LABR.CP.ZS;;;;;;;;19,2;19,2;19,2;19,2;19,2;19,2;19,2;19,2
Afrique subsaharienne;SSF;Taux d'imposition et cotisations du travail (% des bénéfices commerciaux);IC.TAX.LABR.CP.ZS;13,57045455;13,31333333;13,30888889;13,22888889;13,23777778;13,44444444;13,68666667;13,74782609;13,59787234;13,91276596;13,99574468;14,0787234;14,1;14,13829787;14,35319149
Petits états;SST;Taux d'imposition et cotisations du travail (% des bénéfices commerciaux);IC.TAX.LABR.CP.ZS;9,348717949;9,5;9,536363636;9,553333333;9,542222222;9,597777778;9,606382979;9,958333333;9,958333333;10,01666667;10,14583333;10,23125;10,29791667;10,39791667;10,61666667
Sao Tomé-et-Principe;STP;Taux d'imposition et cotisations du travail (% des bénéfices commerciaux);IC.TAX.LABR.CP.ZS;6,8;6,8;6,8;6,8;6,8;6,8;6,8;6,8;6,8;6,8;6,8;6,8;6,8;6,8;6,8
Suriname;SUR;Taux d'imposition et cotisations du travail (% des bénéfices commerciaux);IC.TAX.LABR.CP.ZS;0;0;0;0;0;0;0;0;0;0;0;0;0;0;0
République slovaque;SVK;Taux d'imposition et cotisations du travail (% des bénéfices commerciaux);IC.TAX.LABR.CP.ZS;39,7;39,7;39,7;39,5;39,6;39,6;39,6;39,6;39,5;39,7;39,7;39,7;39,7;39,7;39,7
Slovénie;SVN;Taux d'imposition et cotisations du travail (% des bénéfices commerciaux);IC.TAX.LABR.CP.ZS;23,1;23,1;22;21,1;19,9;18,2;18,2;18,2;18,2;18,2;18,2;18,2;18,2;18,2;18,2
Suède;SWE;Taux d'imposition et cotisations du travail (% des bénéfices commerciaux);IC.TAX.LABR.CP.ZS;36,9;36,9;36,4;36,4;36,6;35,4;35,4;35,4;35,4;35,4;35,4;35,4;35,4;35,4;35,4
Eswatini;SWZ;Taux d'imposition et cotisations du travail (% des bénéfices commerciaux);IC.TAX.LABR.CP.ZS;4;4;4;4;4;4;5,6;4;4,5;4,7;5;5,5;5,7;6,4;6,4
Sint Maarten (Dutch part);SXM;Taux d'imposition et cotisations du travail (% des bénéfices commerciaux);IC.TAX.LABR.CP.ZS;;;;;;;;;;;;;;;
Seychelles;SYC;Taux d'imposition et cotisations du travail (% des bénéfices commerciaux);IC.TAX.LABR.CP.ZS;25,4;25,4;25,4;22,6;22,6;22,6;11,5;1,7;1,7;1,7;2,3;2,3;2,3;2,3;2,3
République arabe syrienne;SYR;Taux d'imposition et cotisations du travail (% des bénéfices commerciaux);IC.TAX.LABR.CP.ZS;19,3;19,3;19,3;19,3;19,3;19,3;19,3;19,3;19,3;19,3;19,3;19,3;19,3;19,3;19,3
Îles Turques-et-Caïques;TCA;Taux d'imposition et cotisations du travail (% des bénéfices commerciaux);IC.TAX.LABR.CP.ZS;;;;;;;;;;;;;;;
Tchad;TCD;Taux d'imposition et cotisations du travail (% des bénéfices commerciaux);IC.TAX.LABR.CP.ZS;23,9;23,9;23,9;23,9;23,9;28,4;28,4;28,4;28,4;28,4;28,4;28,4;28,4;28,4;28,4
Asie de l’Est et Pacifique (BIRD et IDA);TEA;Taux d'imposition et cotisations du travail (% des bénéfices commerciaux);IC.TAX.LABR.CP.ZS;8,483333333;8,483333333;8,483333333;8,5;8,05;8,111111111;8,305555556;8,063157895;10,29047619;10,35714286;10,35714286;10,62380952;10,7047619;10,62380952;11,07142857
Europe et Asie centrale (BIRD et IDA);TEC;Taux d'imposition et cotisations du travail (% des bénéfices commerciaux);IC.TAX.LABR.CP.ZS;28,22631579;26,54;25,075;25,01;22,18095238;21,52380952;20,80952381;20,85238095;21,02727273;20,15;20,23181818;19,98181818;19,17727273;19,10454545;18,23181818
Togo;TGO;Taux d'imposition et cotisations du travail (% des bénéfices commerciaux);IC.TAX.LABR.CP.ZS;28,3;28,3;28,3;28,3;28,3;28,3;26,5;26,5;27,1;25,4;23,1;23,1;23,1;23,1;23,1
Thaïlande;THA;Taux d'imposition et cotisations du travail (% des bénéfices commerciaux);IC.TAX.LABR.CP.ZS;5,7;5,7;5,7;5,7;5,7;5,7;5,7;5,7;4;4,3;5,4;5,4;5,4;5,4;5,4
Tadjikistan;TJK;Taux d'imposition et cotisations du travail (% des bénéfices commerciaux);IC.TAX.LABR.CP.ZS;28,2;28,2;28,2;28,2;28,5;28,5;28,5;28,5;28,5;28,5;28,5;28,5;28,5;28,5;28,5
Turkménistan;TKM;Taux d'imposition et cotisations du travail (% des bénéfices commerciaux);IC.TAX.LABR.CP.ZS;;;;;;;;;;;;;;;
Amérique latine et Caraïbes (BIRD et IDA);TLA;Taux d'imposition et cotisations du travail (% des bénéfices commerciaux);IC.TAX.LABR.CP.ZS;13,05;13,08928571;13,16428571;13,43571429;13,82857143;13,85357143;13,72142857;13,56785714;14,84666667;15,02;14,72;14,76333333;14,81;14,92666667;15,18333333
Timor-Leste;TLS;Taux d'imposition et cotisations du travail (% des bénéfices commerciaux);IC.TAX.LABR.CP.ZS;0;0;0;0;0;0;0;0;0;0;0;0;0;0;6,8
Afrique du Nord et Moyen-Orient (BIRD et IDA);TMN;Taux d'imposition et cotisations du travail (% des bénéfices commerciaux);IC.TAX.LABR.CP.ZS;20,47272727;20,47272727;20,53636364;20,55454545;20,69090909;20,75454545;20,87272727;19,91666667;19,69166667;19,84166667;19,91666667;20,00833333;20,35833333;20,59166667;20,35
Tonga;TON;Taux d'imposition et cotisations du travail (% des bénéfices commerciaux);IC.TAX.LABR.CP.ZS;0;0;0;0;0;0;0;0;5,6;5,6;5,6;5,6;5,6;5,6;5,6
Asie du Sud (BIRD et IDA);TSA;Taux d'imposition et cotisations du travail (% des bénéfices commerciaux);IC.TAX.LABR.CP.ZS;5,64;5,64;5,64;5,64;5,64;5,64;5,64;6,7;8,6875;8,7125;8,7625;8,8;8,8875;9,975;10,775
Afrique subsaharienne (BIRD et IDA);TSS;Taux d'imposition et cotisations du travail (% des bénéfices commerciaux);IC.TAX.LABR.CP.ZS;13,57045455;13,31333333;13,30888889;13,22888889;13,23777778;13,44444444;13,68666667;13,74782609;13,59787234;13,91276596;13,99574468;14,0787234;14,1;14,13829787;14,35319149
Trinité-et-Tobago;TTO;Taux d'imposition et cotisations du travail (% des bénéfices commerciaux);IC.TAX.LABR.CP.ZS;8,3;8,3;8,3;8,3;8,3;8,3;8,3;8,3;7,6;8,2;8,5;8,5;9,4;9,4;9,4
Tunisie;TUN;Taux d'imposition et cotisations du travail (% des bénéfices commerciaux);IC.TAX.LABR.CP.ZS;24,6;24,6;24,6;24,6;25,3;25,3;25,3;25,3;25,3;25,3;25,3;25,3;25,3;25,3;25,3
Turquie;TUR;Taux d'imposition et cotisations du travail (% des bénéfices commerciaux);IC.TAX.LABR.CP.ZS;25;25;24,3;24,3;22,8;22,8;18,7;18,6;18,6;19;19,7;19,7;19,7;19,7;19,7
Tuvalu;TUV;Taux d'imposition et cotisations du travail (% des bénéfices commerciaux);IC.TAX.LABR.CP.ZS;;;;;;;;;;;;;;;
Tanzanie;TZA;Taux d'imposition et cotisations du travail (% des bénéfices commerciaux);IC.TAX.LABR.CP.ZS;18;18;18;18;18;18;18;18;18;17,5;16,9;17,5;17,8;17,5;17,5
Ouganda;UGA;Taux d'imposition et cotisations du travail (% des bénéfices commerciaux);IC.TAX.LABR.CP.ZS;11,3;11,3;11,3;11,3;11,3;11,3;11,3;11,3;11,3;11,3;11,3;11,3;11,3;11,3;11,3
Ukraine;UKR;Taux d'imposition et cotisations du travail (% des bénéfices commerciaux);IC.TAX.LABR.CP.ZS;44,3;44;43,4;43,3;43,3;43,3;43,3;43,1;43,1;43,1;43,1;43,1;24,8;29,6;33,8
Revenu intermédiaire, tranche supérieure;UMC;Taux d'imposition et cotisations du travail (% des bénéfices commerciaux);IC.TAX.LABR.CP.ZS;15,36744186;14,99545455;14,65681818;14,75;13,90888889;13,66666667;13,33111111;13,46521739;15,15882353;14,83921569;14,64705882;14,75882353;14,77647059;14,81176471;14,9627451
Uruguay;URY;Taux d'imposition et cotisations du travail (% des bénéfices commerciaux);IC.TAX.LABR.CP.ZS;6,9;6,9;6,9;9,9;15,6;15,6;15,6;15,6;15,6;15,6;15,6;15,6;15,6;15,6;15,6
États-Unis;USA;Taux d'imposition et cotisations du travail (% des bénéfices commerciaux);IC.TAX.LABR.CP.ZS;;;;;;;;;9,7;9,7;9,8;9,8;9,8;9,8;9,8
Ouzbékistan;UZB;Taux d'imposition et cotisations du travail (% des bénéfices commerciaux);IC.TAX.LABR.CP.ZS;37,2;35;28,2;27,1;27,1;27,1;28,2;28,2;28,2;28,2;28,2;24,9;24,9;17,4;17,4
Saint-Vincent-et-les Grenadines;VCT;Taux d'imposition et cotisations du travail (% des bénéfices commerciaux);IC.TAX.LABR.CP.ZS;3,9;3,9;3,9;3,9;5,1;5,1;5,1;5,1;5,1;5,1;6,2;6,2;6,2;6,2;6,2
Venezuela;VEN;Taux d'imposition et cotisations du travail (% des bénéfices commerciaux);IC.TAX.LABR.CP.ZS;17,7;17,7;18;18;18;18;18;18;18;18;18;18;18;18;18,2
Îles Vierges britanniques;VGB;Taux d'imposition et cotisations du travail (% des bénéfices commerciaux);IC.TAX.LABR.CP.ZS;;;;;;;;;;;;;;;
Îles Vierges (EU);VIR;Taux d'imposition et cotisations du travail (% des bénéfices commerciaux);IC.TAX.LABR.CP.ZS;;;;;;;;;;;;;;;
Viet Nam;VNM;Taux d'imposition et cotisations du travail (% des bénéfices commerciaux);IC.TAX.LABR.CP.ZS;19,2;19,2;19,2;19,2;19,2;20,3;22,6;22,6;23,7;23,7;24,8;24,8;24,8;24,5;24,3
Vanuatu;VUT;Taux d'imposition et cotisations du travail (% des bénéfices commerciaux);IC.TAX.LABR.CP.ZS;4,5;4,5;4,5;4,5;4,5;4,5;4,5;4,5;4,5;4,5;4,5;4,5;4,5;4,5;4,5
Monde;WLD;Taux d'imposition et cotisations du travail (% des bénéfices commerciaux);IC.TAX.LABR.CP.ZS;16,86564417;16,5748503;16,29705882;16,28362573;16,00697674;15,95406977;15,9545977;15,96516854;16,17566138;16,1984127;16,21005291;16,24550265;16,08730159;16,17631579;16,27789474
Samoa;WSM;Taux d'imposition et cotisations du travail (% des bénéfices commerciaux);IC.TAX.LABR.CP.ZS;6,8;6,8;6,8;6,8;6,8;6,8;6,8;6,8;6,8;6,8;6,8;7,3;8,5;8,5;8,5
Kosovo;XKX;Taux d'imposition et cotisations du travail (% des bénéfices commerciaux);IC.TAX.LABR.CP.ZS;;;;;5,6;5,6;5,6;5,6;5,6;5,6;5,6;5,6;5,6;5,6;5,6
Yémen, Rép. du;YEM;Taux d'imposition et cotisations du travail (% des bénéfices commerciaux);IC.TAX.LABR.CP.ZS;11,3;11,3;11,3;11,3;11,3;11,3;11,3;11,3;11,3;11,3;11,3;11,3;11,3;11,3;11,3
Afrique du Sud;ZAF;Taux d'imposition et cotisations du travail (% des bénéfices commerciaux);IC.TAX.LABR.CP.ZS;4,5;4,5;4,3;2,3;2,4;2,5;4,1;4,1;4;4;4;4;4;4;4
Zambie;ZMB;Taux d'imposition et cotisations du travail (% des bénéfices commerciaux);IC.TAX.LABR.CP.ZS;10,4;10,4;10,4;10,4;10,4;10,4;10,4;10,4;10,4;10,4;10,4;10,4;10,4;10,4;10,4
Zimbabwe;ZWE;Taux d'imposition et cotisations du travail (% des bénéfices commerciaux);IC.TAX.LABR.CP.ZS;4,7;4,7;4,7;4,7;5,1;6,2;5,1;5,1;5,1;5,3;5,6;5,6;5,6;5,6;5,6